artist,album,catalogueNo,played,location,needNewCase,sleeveRating,sleeveNotes,mediaRating,mediaNotes,purchasedByMe,purchaseDate
.38 SPECIAL,SPECIAL FORCES,SP 4888,,shelf,,,,,,,
"5TH DIMENSION, THE",PORTRAIT,BELL 6045,TRUE,shelf,,,,,fairly scratched,,
"5TH DIMENSION, THE","LOVE'S LINES, ANGLES & RHYMES",BELL 6060,TRUE,shelf,,,,,,TRUE,
"5TH DIMENSION, THE",INDIVIDUALLY & COLLECTIVELY,BELL 6073,TRUE,shelf,,,,,,TRUE,
"5TH DIMENSION, THE",STONED SOUL PICNIC,SCS-92002,TRUE,shelf,,,,,,,
A-HA,HUNTING HIGH AND LOW,925 300-1,,shelf,,,,,,,
A-HA,HUNTING HIGH AND LOW,W125300,,shelf,,,,,,,
AC/DC,FOR THOSE ABOUT TO ROCK,SD 11111,,shelf,,,,,,,
AC/DC,BACK IN BLACK,SD 16018,,shelf,,,,,,,
AC/DC,DIRTY DEEDS DONE DIRT CHEAP,SD 16033,,shelf,,,,,WARPED,,
AC/DC,IF YOU WANT BLOOD,SD 19212,,shelf,,,,,,,
AC/DC,HIGHWAY TO HELL,SD 19244,,shelf,,,,,,,
AC/DC,LET THERE BE ROCK,SD 36-151,,shelf,,,,,,,
AEROSMITH,ROCKS,JC 34165,,shelf,,,,,,,
AEROSMITH,LIVE,PC2 35564,,shelf,,,,,,,
AL JARREAU,BREAKIN' AWAY,BSK 3576,,TUB,FALSE,MISSING INNER SLEEVE,,,,,
AL KOOPER,I STAND ALONE,CS 9718,,shelf,,,,,,,
AL KOOPER AND MIKE BLOOMFIELD,THE LIVE ADVENTURES OF,KGP 6,,shelf,,,,,,,
AL STEWART,TIME PASSAGES,AB 4190,TRUE,shelf,,,,,,TRUE,
AL STEWART,YEAR OF THE CAT,JXS-7022,,shelf,,,,,,,
ALABAMA,FEELS SO RIGHT,AHL 1-3930,,shelf,,,,,,,
"ALAN PARSONS PROJECT, THE",TALES OF MYSTERY AND IMAGINATION,T-539,,shelf,,,,,,,
ALFRED NEWMAN & KEN DARBY,PORTS OF PARADISE,STAO-1447,,shelf,,P,,,,,
ALICE COOPER,KILLER,BS 2567,,shelf,,,,,,,
ALIVE IN ALASKA,LOVE'S WAY,,,shelf,,VG+,Special writing to my dad on the back!,,,,
ALLAN SHERMAN,"MY SON, THE FOLK SINGER",WS 1475,,TUB,FALSE,"RING WEAR, MISSING INNER SLEEVE",,,,,
"ALLMAN BROTHERS BAND, THE",EAT A PEACH,2CP 0102,,shelf,,G,"Pretty dusty, worn out, spine not readably",,,,
AMERICA,HEARTS,BS 2852,,shelf,,,,,,,
AMERICA,HEARTS,BS 2852,,shelf,,,,,,,
AMERICA,HARBOR,BSK 3017,TRUE,shelf,,,,,,,
AMERICA,AMERICA'S GREATEST HITS,BSK 3110,,shelf,,,,,,,
ANDY GRIFFITH,JUST FOR THE LAUGHS,T 962,,shelf,,,,,,,
ARETHA FRANKLIN,THE BEST OF ARETHA FRANKLIN,81280-1-Y,,shelf,,,,,,,
"ASSOCIATION, THE",INSIGHT OUT,WS 1696,TRUE,shelf,,,,,,TRUE,
ATLANTA RHYTHM SECTION,QUINELLA,FC 37550,TRUE,shelf,,,,,,,
ATLANTA RHYTHM SECTION,CHAMPAGNE JAM,PD-1-6134,,shelf,,,,,,,
ATOMIC ROOSTER,IN HEARING OF,EKS 74109,,shelf,,,,,,,
AUM,RESURRECTION,,,TUB,,,,,,,
AVERAGE WHITE BAND,CUT THE CAKE,SD 18140,,shelf,,,,,,,
AVERAGE WHITE BAND,SOUL SEARCHING,SD 18179,,shelf,,GENERIC,"jacket replaced, original sleeve",,,,
AVERAGE WHITE BAND,FEEL NO FRET,SD 19207,,shelf,,,,,,,
"BABYS, THE",BROKEN HEART,CHR 1150,,shelf,,,,,,,
"BABYS, THE",ANTHOLOGY,CHR 1351,,shelf,,,,,,,
"BABYS, THE",ANTHOLOGY,CHR 1351,,shelf,TRUE,N/A,"replaced sleeve, no jacket",,,,
BACHMAN-TURNER OVERDRIVE,FOUR WHEEL DRIVE,SRM 1-1027,,shelf,,,,,,,
BAD COMPANY,RUN WITH THE PACK,SS 8415,,shelf,,VG,,,,,
BAD COMPANY,BURNIN' SKY,SS 8500,,shelf,,,,,,,
"BAND, THE",STAGE FRIGHT,SW 425,TRUE,TUB,,,,VG+,,,
BARBARA MANDRELL,THE BEST OF,AY-1119,,shelf,,VG+,,,,,
BARRY WHITE,JUST ANOTHER WAY TO SAY I LOVE YOU,T-466,,shelf,,,,,,,
BE-BOP DELUXE,MODERN MUSIC,SN-16026,,TUB,,VG+,,,,,
BE-BOP DELUXE,SUNBURST FINISH,ST-11478,,TUB,FALSE,,,,,,
"BEACH BOYS, THE",SURFER GIRL,ST 1981,,shelf,,,,,,,
"BEACH BOYS, THE",ALL SUMMER LONG,ST 2110,,shelf,,,,,,,
"BEACH BOYS, THE",BEACH BOYS CONCERT,TAO 2198,,shelf,,,,,,,
"BEATLES, THE",LET IT BE,AR 34001,,shelf,FALSE,,,,,,
"BEATLES, THE",LIVE AT THE STAR CLUB - HAMBURG,HIS 10982,,shelf,,VG+,,VG+,,,
"BEATLES, THE",AT THE HOLLYWOOD BOWL,SMAS 11638,TRUE,shelf,FALSE,VG+,,,,,
"BEATLES, THE",SGT. PEPPER'S LONELY HEARTS CLUB BAND,SMAS 2653,TRUE,shelf,,,,,,,
"BEATLES, THE",SGT. PEPPER'S LONELY HEARTS CLUB BAND,SMAS 2653,,shelf,FALSE,,,,,,
"BEATLES, THE",ABBEY ROAD,SO-383,,shelf,FALSE,VG,"no splitting on outer jacket, some writing and old label remnants, inner jacket mildly splitting on bottom ",,,,
"BEATLES, THE",MEET THE BEATLES,ST 2047,,shelf,FALSE,,,,,,
"BEATLES, THE",THE SECOND ALBUM,ST 2080,TRUE,shelf,FALSE,G+,bottom splitting,,,,
"BEATLES, THE",YESTERDAY...AND TODAY,ST 2553,,shelf,FALSE,G+,MIGHT BE SECOND STATE COVER,VG+,,,
"BEATLES, THE",REVOLVER,ST 2576,,shelf,FALSE,G,"splitting badly, missing inner sleeve",,,,
"BEATLES, THE",THE BEATLES (THE WHITE ALBUM),SWBO-101,TRUE,shelf,,GENERIC,replaced jacket and sleeves,,,,
"BEATLES, THE",VI,T 2358,,shelf,FALSE,VG,"bottom splitting, side cracking",,,,
"BEATLES, THE",RUBBER SOUL,T 2442,TRUE,shelf,FALSE,VG+,minor splitting on all sides,,,,
"BEATLES, THE",YESTERDAY...AND TODAY,T-2553,TRUE,shelf,TRUE,N/A,,,,,
"BEATLES, THE",REVOLVER,T-2576,,shelf,TRUE,GENERIC,replaced sleeve and jacket,,,,
"BEATLES, THE",A HARD DAY'S NIGHT,UAS 6366,,shelf,FALSE,VG+,"small splitting on top left side, worn on edges",,,,
BEE GEES,GREATEST,RS-2-4200,,shelf,,,,,,,
"BELLAMY BROTHERS, THE",GREATEST HITS,23697-1,,shelf,,,,,,,
BENNY GOODMAN,THE GREAT BENNY GOODMAN,,,TUB,,,,,,,
BIG BROTHER & THE HOLDING COMPANY,CHEAP THRILLS,KCS 9700,TRUE,shelf,,,,,,,
BILL COSBY,FOR ADULTS ONLY,73112,,,,,,,,,
BILL COSBY,WHY IS THERE AIR,W 1606,,,,,,,,,
BILL COSBY,REVENGE,W 1691,,,,,,,,,
"BILL GAITHER TRIO, THE",WE ARE PERSUADED,WSB-8829,,,,VG+,,,,,
BILLY CRASH CRADDOCK,GREATEST HITS,,,TUB,,,,,,,
BILLY JOEL,STREETLIFE SERENADE,PC 33146,,,,,,,,,
BILLY SQUIER,DON'T SAY NO,ST 12146,,,,,,,,,
BILLY SWAN,I CAN HELP,KZ 33279,,,,,,,,,
BILLY SWAN,I'M INTO LOVING YOU,,,TUB,,,,,,,
BILLY WALKER,ALONE AGAIN,APL-1-1489,,,,,,,,,
BLACK OAK ARKANSAS,BLACK OAK ARKANSAS,SD 33-354,,,,,,,,,
BLACK SABBATH,BLACK SABBATH,WS 1871,,,,,,,,,
BLACK SABBATH,MASTER OF REALITY,,,TUB,,,,,,,
BLIND FAITH,BLIND FAITH,RS-1-3016,TRUE,,,VG+,excellent,VG+,some noise - crackling,,
BLIND FAITH,BLIND FAITH,SD 33-304,,,,VG,,,,,
BLODWYN PIG,GETTING TO THIS,ILPS 9122,,,,, ,,,,
BLONDIE,PARALLEL LINES,CHR 1192,TRUE,,,,,,,,
BLOOD SWEAT & TEARS,BLOOD SWEAT & TEARS,,,,,,,,,,
"BLOOD, SWEAT & TEARS","BLOOD, SWEAT & TEARS 3",KC 30090,,,,,,,,,
"BLOOD, SWEAT & TEARS",GREATEST HITS,PC 31170,,,,,,,,,
BLOODROCK,BLOODROCK 3,ST-765,,,,,,,,,
BLOODROCK,BLOODROCK LIVE!,SVBB-11038,,TUB,,,,,,,
BLUE CHEER,OUTSIDEINSIDE,PHS-600-278,,,,,,,,,
BLUE OYSTER CULT,SECRET TREATIES,KC 32858,TRUE,shelf,,VG+,"inner sleeve has been replaced, but is in good shape. jacket is firm and doesn't have a lot of wear, but has a discolored spot",,,,
BLUE OYSTER CULT,BLUE OYSTER CULT,PC 31063,,,,,,,,,
BLUES MAGOOS,PSYCHEDELIC LOLLIPOP,SR 61096,,,,,,,,TRUE,4/23
"BLUES PROJECT, THE",LIVE AT TOWN HALL,,,,,,,,,,
BOB DYLAN,NASHVILLE SKYLINE,KCS 9825,,,,,,,,,
BOB SEGER & THE SILVER BULLET BAND,NIGHT MOVES,ST-11557,TRUE,,,VG+,"very worn spine, minor splitting on spine, has inner sleeve. inner sleeve is splitting badly",,,,
BOB SEGER & THE SILVER BULLET BAND,LIVE BULLET,STBK-511523,,,,,,,,,
BOB WELCH,FRENCH KISS,,,,,,,,,,
BOBBY GOLDSBORO,GREATEST HITS,UAS-5502,,,,,,,,,
BOBBY GOLDSBORO,HONEY,,,,,,,,,,
BOBBY VINTON,ENCORE,UAS 6642,,TUB,,,,,,,
BOBBY VOLARE,BIG ORANGE,,,,,,,,,,
BOBBY VOLARE,IN HOT WATER,,,,,,,,,,
BOBBY VOLARE,OUT TO LUNCH,,,,,,,,,,
BON JOVI,SLIPPERY WHEN WET,830-264-1 M-1,,,,,,,,,
BOSTON,BOSTON,JE 34188,,,,,,,,,
BOZ SCAGGS,MOMENTS,C 30454,,,,,,,,,
BOZ SCAGGS,MOMENTS,PC 30454,,,,,,,,,
BOZ SCAGGS,MY TIME,PC 31384,,,,,,,,,
"BRANSONS, THE",LIVING FOR JESUS,,,,,,,,,,
BREAD,BEST OF BREAD,6E-108,,,,,,,,,
BREAD,BABY I'M-A WANT YOU,EKS-75015,,,,,,,,,
BRUCE SPRINGSTEEN,BRILLIANT DISGUISE,CAS 2806,,,,,,,,,
BUDDY MILES,MORE MILES PER GALLON,NBLP 7019,,,,,,,,,
BUDDY MILES,THEM CHANGES,SR-61280,,,,G,,,,,
"BUDDY MILES BAND, THE",CHAPTER VII,KC 32048,,,,,,,,,
BURTON CUMMINGS,MY OWN WAY TO ROCK,PR 34698,,,,,,,,,
"BUTTERFIELD BLUES BAND, THE",SOMETIMES I JUST FEEL LIKE SMILIN',,,,,,,,,,
CACTUS,RESTRICTIONS,SD 33-377,,,,G,,,,,
CANNED HEAT,LIVING THE BLUES,LST-27200,TRUE,shelf,,,,,,,
CAPTAIN BEEFHEART & HIS MAGIC BAND,STRICTLY PERSONAL,BST-1,,,,,,,,,
CAPTAIN BEYOND,DAWN EXPLOSION,BS 3047,,,,,,,,,
CAPTAIN BEYOND,SUFFICIENTLY BREATHLESS,CP 0115,,,,,,,,,
CARL SMITH,CARL SMITH'S BEST,HL 7310,,,,,,,,,
CARLY SIMON,NO SECRETS,75049,,,,,,,,,
CARLY SIMON,NO SECRETS,75049,,,,,,,,,
CARPENTERS,CARPENTERS,SP 3502,TRUE,shelf,,,,,,,
"CARS, THE",SHAKE IT UP,5E-567,,,,,,,,,
CASS ELLIOT,"BUBBLEGUM, LEMONADE, &... SOMETHING FOR MAMA",DS 50055,TRUE,shelf,,,,,,TRUE,
CAT STEVENS,FOREIGNER,SP4391,,,,,,,,,
CAT STEVENS,GREATEST HITS,,,,,,,,,,
CAT STEVENS,TEA FOR THE TILLERMAN,,,,,,,,,,
CAT STEVENS,TEA FOR THE TILLERMAN,,,,,,,,,,
CHAD & JEREMY,DISTANT SHORES,CS 9364,TRUE,shelf,TRUE,,MOLDY,,NEEDS CLEANING,,
CHAD & JEREMY,THE BEST OF CHAD & JEREMY,ST 2470,,shelf,,,,,,,
"CHAMBERS BROTHERS, THE",GREATEST HITS,C 30871,,,,,,,,,
CHARLEY PRIDE,THE BEST OF CHARLEY PRIDE,,,TUB,,,,,,,
CHARLEY PRIDE,THE BEST OF CHARLEY PRIDE,,,TUB,,,,,,,
CHARLEY PRIDE,THE BEST OF CHARLEY PRIDE,,,TUB,,,,,,,
CHARLEY PRIDE,THE BEST OF CHARLEY PRIDE,,,TUB,,,,,,,
CHARLEY PRIDE,THE BEST OF CHARLEY PRIDE VOL II,,,TUB,,,,,,,
CHARLIE BYRD AND WOODY HERMAN,THE BYRD & THE HERD,,,TUB,,,,,,,
"CHARLIE DANIELS BAND, THE",WINDOWS,FE 37694,,,,VG+,still has outer plastic wrap protecting jacket,,,,
"CHARLIE DANIELS BAND, THE",FIRE ON THE MOUNTAIN,KSBS 2603,TRUE,shelf,,VG,splitting on bottom,,,,
CHARLIE RICH,GREATEST HITS,APL1-0857,,,,,,,,,
CHARLIE RICH,BEHIND CLOSED DOORS,,,,,,,,,,
CHARLIE RICH,CLASSIC RICH,,,,,,,,,,
CHEAP TRICK,CHEAP TRICK AT BUDOKAN,FE 35795,,,,,,,,,
CHEECH & CHONG,BIG BAMBU,SP 77014,,shelf,,"Pretty badly split at fold, has inner sleeve, some mildew on inner sleeve and back of jacket has paper stuck from another record maybe?",VG,,,,
CHEECH & CHONG,BIG BAMBU,SP 77014,,shelf,,"SOME SPLITTING ON TOP OF OUTER JACKET, HAS INNER SLEEVE",VG,,,,
CHEECH AND CHONG,CHEECH AND CHONG,SP 77010,,shelf,,,,,,,
CHICAGO,CHICAGO (II),KGP 24,TRUE,,,,,,,TRUE,
CHICAGO,X,PC 34200,,,,,,,,TRUE,
CHRIS MONTEZ,THE MORE I SEE YOU CALL ME,,,,,,,,,,
CHUCK BERRY,THE LONDON CHUCK BERRY SESSIONS,,,,,,,,,,
CHUCK MANGIONE,FEELS SO GOOD,SP 3219,TRUE,,,,,,,,
CLASSICAL,STOLEN HOURS,,,,,,,,,,
CLASSICAL,WORLD'S GREATEST MUSIC,,,,,,,,,,
CLASSICAL,THE POPULAR GERSHWIN,,,,,,,,,,
CLIMAX BLUES BAND,REAL TO REEL,,,,,,,,,,
COLD BLOOD,COLD BLOOD,,,,,,,,,,
COLD BLOOD,COLD BLOOD,,,,,,,,,,
COLD BLOOD,LYDIA,,,,,,,,,,
COLE PORTER,COLE PORTER: A REMEMBRANCE,,,,,,,,,,
COMMANDER CODY AND HIS LOST PLANET AIRMEN,"HOT LICKS, COLD STEEL AND TRUCKER'S FAVORITES",,,,,,,,,,
COMMANDER CODY AND HIS LOST PLANET AIRMEN,COUNTRY CASANOVA,,,,,,,,,,
CONWAY TWITTY,REST YOUR LOVE ON ME,MCA-5138,,,,,,,,,
CONWAY TWITTY,TWITTY BIRDS,,,,,,,,,,
CONWAY TWITTY,NUMBER ONES,,,,,,,,,,
COPPERHEAD,COPPERHEAD,,,,,,,,,,
COUNTRY JOE AND THE FISH,I-FEEL-LIKE-I'M-FIXIN'-TO-DIE,VSD 79266,,,,,,,,,
COUNTRY JOE AND THE FISH,ELECTRIC MUSIC FOR THE MIND AND BODY,,,,,,,,,,
COUNTRY JOE AND THE FISH,I-FEEL-LIKE-I'M-FIXIN'-TO-DIE,,,,,,,,,,
CREAM,OFF THE TOP,PD 5529,TRUE,shelf,,G/VG,"no splitting, has inner jacket, jacket has marks and soiled/molded spots on back left",VG,"noisy, needs cleaning",FALSE,
CREAM,DISRAELI GEARS,SD 33-232,TRUE,shelf,,P,"missing inner sleeve, jacket split on all sides",VG,"noisy, but no skipping",FALSE,
CREAM,DISRAELI GEARS,,,TUB,,,,,NO RECORD,,
CREEDENCE CLEARWATER REVIVAL,GREEN RIVER,,TRUE,,,,,,,,
CREEDENCE CLEARWATER REVIVAL,CREEDENCE CLEARWATER REVIVAL,,,,,,,,NO RECORD,,
CREEDENCE CLEARWATER REVIVAL,BAYOU COUNTRY,,,,,,,,,,
"CROSBY, STILLS & NASH",CSN,SD 19104,TRUE,,,,,,,TRUE,
"CROSBY, STILLS, NASH & YOUNG",DEJA VU,SD 7200,TRUE,,,,,,,,
CROWBAR,BAD MANORS,,,,,,,,,,
CRYSTAL GAYLE,WHEN I DREAM,,,,,,,,,,
CULTURE CLUB,KISSING TO BE CLEVER,ARE 38398,TRUE,,,,,,,,
DADDY COOL,TEENAGE HEAVEN,,,,,,,,,,
DAVE CLARK 5,SATISFIED WITH YOU,,TRUE,shelf,,GENERIC,"replaced jacket, original sleeve",VG,"noisy, needs cleaning but doesn't skip",,
DAVE LOGGINS,APPRENTICE (IN A MUSICAL WORKSHOP),,,,,,,,,,
DAVID BOWIE,LET'S DANCE,,TRUE,,,,,,,,
DAVID BYRON,TAKE NO PRISONERS,,,,,,,,,,
DAVID FRIZZELL,ON MY OWN AGAIN,,,,,,,,,,
DAVID GATES,NEVER LET HER GO,,,,,,,,,,
DAVID WHITFIELD,"CARA, MIA",,,,,,,,,,
DEAN & DON'S,MULTI-MILLION DOLLAR COMEDY LIQUIDATION,,,TUB,,,,,,,
DEAN MARTIN,GREATEST HITS VOL. I,,,,,,,,,,
DEAN MARTIN,HITS AGAIN,,,,,,,,,,
DEEP PURPLE,BURN,,,,,,,,,,
DEEP PURPLE,WHO DO WE THINK WE ARE,,,,,,,,,,
DEEP PURPLE,IN ROCK,,,,,,,,,,
DEEP PURPLE,THE BEST OF,,,,,,,,,,
DEF LEPPARD,PYROMANIA,,,,,,,,,,
DELANEY & BONNIE,TO BONNIE FROM DELANEY,,,,,,,,,,
DELANEY & BONNIE,ON TOUR WITH ERIC CLAPTON,,,,,,,,,,
DENNIS YOST AND THE CLASSICS IV,GOLDEN GREATS VOLUME ONE,,,,,,NO COVER,,,,
DEREK & THE DOMINOS,LAYLA AND OTHER ASSORTED LOVE SONGS,,,,,,,,,,
DEREK & THE DOMINOS,LAYLA AND OTHER SONGS,,,,,,,,,,
DIONNE WARWICK,ALFIE,,,,,,,,,,
DIRE STRAITS,COMMUNIQUE,,TRUE,,,,,,,,
DON HENLEY,BUILDING THE PERFECT BEAST,,,,,,,,,,
DON WILLIAMS,I BELIEVE IN YOU,,,TUB,,,,,,,
DON WILLIAMS,PORTRAIT,,,,,,,,,,
DONNA SUMMER,ON THE RADIO - GREATEST HITS,NBLP-2-7191,TRUE,,,,,,,,
DONOVAN,DONOVAN IN CONCERT,,,,,,,,,,
"DOOBIE BROTHERS, THE",TOULOUSE STREET,BS 2634,TRUE,shelf,,,,,"needs cleaning! very crackly, skips a bit",,
"DOOBIE BROTHERS, THE",THE CAPTAIN AND ME,,TRUE,shelf,FALSE,VG+,"minor splitting on bottom, good inner sleeve","light noise, could use a cleaning, no skipping on first side",,,
"DOOBIE BROTHERS, THE",WHAT WERE ONCE VICES ARE NOW HABITS,,,,,,,,,,
"DOORS, THE",L.A. WOMAN,,TRUE,shelf,,,,,"slight warp, seems to affect play",,
"DOORS, THE",STRANGE DAYS,,TRUE,shelf,,,,,needs cleaning! very noisy,,
"DOORS, THE",MORRISON HOTEL,,TRUE,shelf,,,,,,,
"DOORS, THE",13,,,,,,,,,,
"DOORS, THE",THE SOFT PARADE,,,,,,,,,,
DOUBLE GAGE,REMUDA,,,,,,,,,,
DOUG KERSHAW,ALIVE & PICKIN',,,,,,,,,,
DR. HOOK,A LITTLE BIT MORE,,TRUE,,,,,,,,
DR. HOOK AND THE MEDICINE SHOW,BELLY UP!,,TRUE,,,,,,,,
DUANE ALLMAN,AN ANTHOLOGY,2CP 0108,TRUE,shelf,,VG,"splitting on back cover top, has all sleeves, light ring wear, writing inside fold",,"Warped, I think -- SIDE 1 - first track skips badly, SIDE 2 - first few tracks skip",,
DUANE ALLMAN,AN ANTHOLOGY,2CP 0108,,shelf,,,,,,,
"EAGLES, THE",THE LONG RUN,,,TUB,,,,,,,
"EAGLES, THE",THEIR GREATEST HITS,,,,,,,,,,
"EAGLES, THE",THE LONG RUN,,,,,,,,,,
"EAGLES, THE",THE GREATEST HITS,,,,,,,,,,
EARTH WIND AND FIRE,RAISE!,TC 37548,TRUE,,,,,,,,
EARTH WIND AND FIRE,ALL N' ALL,,TRUE,,,,,,,,
EDDIE COCHRAN,THE 25TH ANNIVERSARY ALBUM,,,,,,,,,,
EDDIE MONEY,NO CONTROL,FC 37960,TRUE,,,VG+,,VG,,,
EDDIE MONEY,NO CONTROL,FC 37960,,,,VG+,,,,,
EDDIE RABBITT,VARIATIONS,,,TUB,,,,,,,
EDDIE RABBITT,STEP BY STEP,,,,,,,,,,
EDDIE RABBITT,STEP BY STEP,,,,,,,,,,
EDDIE RABBITT,RABBITT,,,,,,,,,,
EDDIE RABBITT,LOVELINE,,,,,,,,,,
EDDY ARNOLD,THE BEST OF EDDY ARNOLD,,,TUB,,,,,,,
EDDY ARNOLD,MY WORLD,,,TUB,,,,,,,
EDDY ARNOLD,EDDY ARNOLD,,,TUB,,,,,,,
EDGAR WINTER'S WHITE TRASH,ROADWORK,,,,,,,,,,
EDGAR WINTER'S WHITE TRASH,ROADWORK,,,,,,,,,,
"ELECTRIC FLAG, THE",A LONG TIME COMING,,,,,,,,,,
"ELECTRIC FLAG, THE",A LONG TIME COMING,,,,,,,,,,
ELTON JOHN,MADMAN ACROSS THE WATER,,,,,,,,,,
ELTON JOHN,HONKY CHATEAU,,,,,,,,,,
ELTON JOHN,CARIBOU,,,,,,,,,,
ELVIN BISHOP,JUKE JOINT JUMP,,,,,,,,,,
ELVIS,DOUBLE DYNAMICS,,,,,,,,,,
ELVIS PRESLEY,WORLDWIDE GOLD AWARD HITS PARTS 1 & 2,,,TUB,,,,,,,
EMERSON LAKE & PALMER,WORKS,,,,,,,,,,
ENGELBERT HUMPERDINCK,ANOTHER TIME ANOTHER PLACE,,,,,,,,,,
ENGELBERT HUMPERDINCK,RELEASE ME,,,,,,,,,,
ENGELBERT HUMPERDINCK,THE LAST WALTZ,,,,,,,,,,
ENGELBERT HUMPERDINCK,SWEETHEART,,,,,,,,,,
ERIC CLAPTON,E.C. WAS HERE,,,,,,,,,,
EUMIR DEODATO,DEODATO 2,,,,,,,,,,
"EVERLY BROTHERS, THE",THE VERY BEST OF THE EVERLY BROTHERS,,,,,,,,,,
"FABULOUS THUNDERBIRDS, THE",HOT NUMBER,,,TUB,,,,,,,
"FABULOUS THUNDERBIRDS, THE",T-BIRD RHYTHM,,,TUB,,,,,,,
"FABULOUS THUNDERBIRDS, THE",T-BIRD RHYTHM,,,,,,,,,,
"FABULOUS THUNDERBIRDS, THE",HOT NUMBER,,,,,,,,,,
FACES,A NOD'S AS GOOD AS A WINK... TO A BLIND HORSE,,,,,,NO COVER,,,,
FACES,LONG PLAYER,,,shelf,,GENERIC,"replaced inner sleeve only, no jacket",,,,
FACES,OOH LALA,,,,,,,,,,
FARON YOUNG,FARON YOUNG,,,,,,,,,,
FAT MATTRESS,FAT MATTRESS,,,,,,,,,,
FIREFALL,FIREFALL,SD 18174,TRUE,shelf,TRUE,N/A,replaced inner sleeve only,G,"had no jacket or sleeve for some time, lots of light scratches, needs cleaning but plays pretty well. some skipping on side 2",,
FIREFALL,UNDERTOW,,,,,,,,,,
FIREFALL,LUNA SEA,,,,,,,,,,
FLEETWOOD MAC,RUMOURS,BSK 3010,TRUE,,,,,,,,
FLEETWOOD MAC,TUSK,,TRUE,,,,,,,,
FLEETWOOD MAC,BARE TREES,,,,,,,,,,
FLEETWOOD MAC,KILN HOUSE,,,,,,,,,,
FLEETWOOD MAC,ENGLISH ROSE,,,,,GENERIC,"replaced jacket, original sleeve",,,,
FLEETWOOD MAC,FUTURE GAMES,,,,,,,,,,
FLEETWOOD MAC,VINTAGE YEARS,,,,,GENERIC,replaced jacket and sleeve,,,,
FLEETWOOD MAC,VINTAGE YEARS,,,,,,,,,,
FLEETWOOD MAC,MYSTERY TO ME,,,,,,,,,,
FOGHAT,NIGHT SHIFT,,,,,,,,,,
FOGHAT,FOOL FOR THE CITY,,,,,,,,,,
FOGHAT,ENERGIZED,,,,,,,,,,
FOREIGNER,4,,TRUE,,,,,,,,
FOREIGNER,FOREIGNER,,,,,,,,,,
FRAMPTON,CAMEL,,,,,,,,,,
FRANK SINATRA,GREATEST HITS,,,,,,,,,,
FRANK ZAPPA,ZAPPA IN NEW YORK,,,,,,,,,,
"FRATERNITY OF MAN, THE",THE FRATERNITY OF MAN,ABCS-647,,TUB,VG+,,,,,,
FREDDIE FENDER,FREDDIE FENDER,,,,,,,,,,
FREDDIE HART,BLESS YOUR HEART,,,,,,,,,,
FREDDIE HART,CALIFORNIA GRAPEVINE,,,,,,,,,,
FREDDIE HART,MY HANG-UP IS YOU,,,,,,,,,,
FREDDY WELLER,GO FOR THE NIGHT,,,,,,,,,,
FREE,FREE LIVE,,,,,,,,,,
GARY PUCKETT AND THE UNION GAP,INCREDIBLE,CS 9715,,shelf,,,,,,,
GARY PUCKETT AND THE UNION GAP,INCREDIBLE,CS 9715,TRUE,shelf,,VG+,"great shape, still has inner sleeve",VG+,"doesn't skip, pretty quiet, ""side 1"" printed on both sides of record",,
GARY STEWART,OUT OF HAND,,,,,,,,,,
GENE WATSON,THE BEST OF GENE WATSON,,,TUB,,,,,,,
GENE WATSON,OLD LOVE NEVER DIES,,,TUB,,,,,,,
GENE WATSON WITH THE FAREWELL PARTY BAND,SOMETIMES I GET LUCKY,,,TUB,,,,,,,
GEORGE BENSON,IN FLIGHT,,,,,,,,,,
GEORGE JONES & MELBA MONTGOMERY,CLOSE TOGETHER (AS YOU AND ME),,,,,,,,,,
GERRY AND THE PACEMAKERS,GREATEST HITS,,,,,,,,,,
GINO VANNELLI,NIGHTWALKER,,,,,,,,,,
GINO VANNELLI,POWERFUL PEOPLE,,,,,,,,,,
GLEN CAMPBELL,WICHITA LINEMAN,,,,,,,,,,
GLENN MILLER,THE BEST OF,,,,,,,,,,
GRAND FUNK RAILROAD,"MARK, DON & MEL",SABB-11042,,shelf,,VG+,"shiny, very little ring wear, spine/seams in great shape",G,missing second album,,
GRAND FUNK RAILROAD,SURVIVAL,,,,,VG+,"no ring wear, very good condition",,,,
GRAND FUNK RAILROAD,GRAND FUNK HITS,,,,,,,,,,
GRAND FUNK RAILROAD,GRAND FUNK,,,,,,,,,,
"GRASS ROOTS, THE",GOLDEN GRASS - THEIR GREATEST HITS,,,,,,,,,,
"GRATEFUL DEAD, THE",SKELETONS FROM THE CLOSET,,,,,,,,,,
"GRATEFUL DEAD, THE",THE GRATEFUL DEAD,,,,,,,,,,
"GRATEFUL DEAD, THE",BLUES FOR ALLAH,,,,,,,,,,
"GUESS WHO, THE",AMERICAN WOMAN,LSP-4266,TRUE,shelf,,VG+,"no splitting, has inner sleeve, some ring wear and general fading/wear but very solid jacket",VG,"noisy/crackly, no skipping",,
"GUESS WHO, THE",AMERICAN WOMAN,LSP-4266,TRUE,shelf,,VG,"sharpie mark ""10"" on front cover, splitting on bottom of back cover and inside fold at spine, missing inner sleeve",VG+,"clean, one skip on side 2, not noisy",,
"GUESS WHO, THE",ARTIFICIAL PARADISE,LSP-4830,TRUE,,,VG+,"Great shape, original inner sleeve. no splitting.",VG+,,,
"GUESS WHO, THE",ROCKIN',,,,,,,,,,
"GUESS WHO, THE",ROCKIN',,,,,,,,,,
"GUESS WHO, THE",THE BEST OF THE GUESS WHO (VOL. 2),,,,,,,,,,
"GUESS WHO, THE",CANNED WHEAT,,,,,,,,,,
"GUESS WHO, THE",ROAD FOOD,,TRUE,,,,,,,,
GUNS N' ROSES,WELCOME TO THE JUNGLE,,,,,,,,,,
GUY LOMBARDO AND THE ROYAL CANADIANS,MEDLEYS ON PARADE,,,,,,,,,,
HAL ALOMA,TAKES YOUR FAVORITE TUNES ON A TRIP TO HAWAII,,,,,,,,,,
HALL & OATES,VOICES,,,,,,,,,,
HALL & OATES,VOICES,,,,,,,,,,
HALL & OATES,H20,,,,,,,,,,
"HAMILTON, JOE FRANK & REYNOLDS",FALLIN' IN LOVE,,,,,,,,,,
"HAMILTON, JOE FRANK & REYNOLDS","HAMILTON, JOE FRANK & REYNOLDS",,,,,,,,,,
HANK LOCKLIN,THIS SONG IS JUST FOR YOU,,,TUB,,,,,,,
HANK LOCKLIN,BORN TO RAMBLE,,,TUB,,,,,,,
HEART,BEBE LE STRANGE,FE 36371,TRUE,,,VG+,,VG+,,,
HEATWAVE,CENTRAL HEATING,JE 35260,TRUE,shelf,,VG+,"great condition, good inner sleeve",VG+,"very clean, a little dusty",,
HELEN REDDY,GREATEST HITS,,,,,,,,,,
HERB ALPERT & THE TIJUANA BRASS,THE LONELY BULL,,,TUB,,,,,,,
HERB ALPERT & THE TIJUANA BRASS,THE LONELY BULL,,,TUB,,,,,,,
HERB ALPERT & THE TIJUANA BRASS,S.R.O,,,,,,,,,,
HERBIE MANN,ALL BLUES/FOREST RAIN,,,,,,,,,,
HERBIE MANN,SUPERMANN,,,,,,,,,,
HERMAN'S HERMITS,THE BEST OF,,,,,,,,,,
"HOLLIES, THE",A CRAZY STEAL,,,,,,,,,,
"HOLLIES, THE",ANOTHER NIGHT,,,,,,,,,,
HUDSON AND LANDRY,HANGING IN THERE,,,,,,,,,,
"HULLABALLOOS, THE",ENGLAND'S NEWEST SINGING SENSATIONS,,,,,,,,,,
HUMBLE PIE,SMOKIN',,,,,,,,,,
HUMBLE PIE,PERFORMANCE ROCKIN' THE FILLMORE,,,,,,,,,,
"INCREDIBLE STRING BAND, THE",CHANGING HORSES,,,,,,,,,,
IRON BUTTERFLY,IN-A-GADDA-DA-VIDA,SD 33-250,,shelf,,VG+,"some peeling on back bottom, missing inner sleeve",,,,
IRON BUTTERFLY,BALL,SD 33-280,,shelf,,F,"Missing inner sleeve, some mildew inside gatefold",,,,
IRON BUTTERFLY WITH PINERA AND RHINO,METAMORPHOSIS,SD 33-339,,shelf,,G+,"Missing inner sleeve. Some splitting and some repair tape to keep it together, but clean, no mildew and no ring wear. ",,"has some scratches on the surface, looks okay",,
"ISLEY BROTHERS, THE",FOREVER GOLD,,,,,,,,,,
IT'S A BEAUTIFUL DAY,MARRYING MAIDEN,SFS 04800,,,,,,,,,
IT'S A BEAUTIFUL DAY,IT'S A BEAUTIFUL DAY...TODAY,,,,,,,,,,
J. GEILS BAND,FULL HOUSE,,,,,,,,,,
J. GEILS BAND,BEST OF THE J. GEILS BAND,,,,,,,,,,
J.J. CALE,TROUBADOUR,,,TUB,,,,,,,
"JACKSON 5, THE",TRIUMPH,,,,,,,,,,
JACKSON BROWNE,FOR EVERYMAN,,TRUE,,,,,,,,
JAMES GANG,BANG,,,,,,,,,,
JAMES TAYLOR,GREATEST HITS,,,,,,,,,,
JAN & DEAN,DRAG CITY,LST-7339,,,,,,,,,
JANIS IAN,STARS,KC 32857,,,,,,,,,
JANIS IAN,BETWEEN THE LINES,PC 33394,,,,,,,,,
JANIS IAN,BETWEEN THE LINES,PC 33394,,,,,,,,,
JANIS IAN,AFTERTONES,PC 33919,,,,,,,,,
JANIS JOPLIN,JANIS JOPLIN'S GREATEST HITS,PC 32168,,,,VG,,G,,,
JAY AND THE AMERICANS,WAX MUSEUM,UAS 6719,TRUE,,,,,,,TRUE,
JEANNIE C. RILEY,HARPER VALLEY P.T.A.,PLP1,TRUE,,,,,,,,
JEANNIE C. RILEY,YEARBOOKS AND YESTERDAYS,PLP2,,,,,,,,,
JEFF BECK AND THE YARDBIRDS,SHAPES OF THINGS,SPB-4039,,,,,,,,,
JERRY LEE LEWIS,THE SESSION,SRM 2-803,,,,,,,,,
JERRY VALE,I REMEMBER RUSS,,,,,,,,,,
JETHRO TULL,LIVING IN THE PAST,2TS 2106,,,,,,,,,
JETHRO TULL,STAND UP,CHR 1042,,,,,,,,,
JETHRO TULL,BENEFIT,CHR 1043,,,,,,,,,
JETHRO TULL,HEAVY HORSES,CHR 1175,,,,,,,,,
JETHRO TULL,AQUALUNG,MS 2035,,,,,,,,,
JIM CROCE,I GOT A NAME,ABCX-797,TRUE,,FALSE,VG+,Has inner sleeve and jacket in good shape,VG,"side 1 - some skipping on first track, but clear sounding, very little noise. side 2 - a couple tiny skips",,
JIM REEVES,JIM REEVES ON STAGE,LSP-4062,,,,,,,,,
JIM REEVES,A TOUCH OF VELVET,,,TUB,,,,,,,
JIM REEVES,THE BEST OF JIM REEVES,,,TUB,,,,,,,
JIM REEVES,GOOD 'N' COUNTRY,,,TUB,,,,,,,
JIM REEVES,GOOD 'N' COUNTRY,,,TUB,,,,,,,
JOAN BAEZ,JOAN BAEZ/5,VRS-9160,,,,,,,,,
JOE COCKER,GREATEST HITS,SP 4670,,,,,,,,,
JOE COCKER,MAD DOGS AND ENGLISHMEN,SP 6002,,,,,,,,,
JOE COCKER,CIVILIZED MAN,ST 512335,,,,,,,,,
JOE JACKSON,NIGHT AND DAY,SP-4906,,,,,,,,,
JOE SOUTH,DON'T IT MAKE YOU WANT TO GO HOME,ST-392,,,,,,,,,
JOE WALSH,YOU BOUGHT IT - YOU NAME IT,1-23884,,,,,,,,,
JOHHNY PAYCHECK,GREATEST HITS VOL. II,,,,,,,,,,
JOHN ANDERSON,"TOKYO, OKLAHOMA",1-25211,,,,,,,,,
JOHN CONLEE,ROSE COLORED GLASSES,,,TUB,,,,,,,
JOHN CONLEE,IN MY EYES,,,,,,,,,,
JOHN COUGAR MELLENCAMP,THE LONESOME JUBILEE,832 465-1 Q-1,,,,,,,,,
JOHN FOGERTY,CENTERFIELD,9 25203-1,,shelf,,,,,,,
JOHN FOGERTY,CENTERFIELD,9 25203-1,,shelf,,,,,,,
JOHN KAY,FORGOTTEN SONGS & UNSUNG HEROES,,,,,,,,,,
JOHN KLEMMER,TOUCH,,,,,,,,,,
JOHN LENNON,ROCK N' ROLL,,,,,,,,,,
JOHN LENNON & YOKO ONO,DOUBLE FANTASY,,,,,,,,,,
JOHNNY CASH,AT SAN QUENTIN,,,,,,,,,,
JOHNNY CASH,AT FOLSOM PRISON,,,,,,,,,,
JOHNNY CASH,ORIGINAL GOLDEN HITS VOLUME 2,,,,,,,,,,
JOHNNY HORTON,JOHNNY HORTON'S GREATEST HITS,,,TUB,,,,,,,
JOHNNY LEE,LOOKIN' FOR LOVE,6E-309,,TUB,FALSE,"LIGHT RING WEAR, HAS INNER SLEEVE",,,,,
JOHNNY RIVERS,A TOUCH OF GOLD,,,,,,,,,,
JOHNNY RODRIGUEZ,THE GREATEST HITS OF JOHNNY RODRIGUEZ,,,TUB,,,,,,,
JOHNNY WINTER,JOHNNY WINTER AND,C 30221,,,,,,,,,
JOHNNY WINTER,JOHNNY WINTER,,,,,,,,,,
JONI MITCHELL,COURT AND SPARK,7E-1001,,,,,,,,TRUE,
JOSE FELICIANO,FELICIANO!,,,TUB,,,,,,,
JOURNEY,EVOLUTION,,,,,,,,,,
JOURNEY,FRONTIERS,,,,,,,,,,
JOURNEY,CAPTURED,,,,,,,,,,
JOY OF COOKING,JOY OF COOKING,,,,,,,,,,
JUDAS PRIEST,"HERO, HERO",GUD 2005/6,,,,,,,,,
JUDAS PRIEST,UNLEASHED IN THE EAST,JC 36179,,,,,,,,,
JUG SCOTT,MEMORIES OF HANK WILLIAMS,,,,,,NO CASE,,,,
JUSTIN WILSON,JUSTIFYIN',SVBB-11379,,,,,,,,,
KALEIDOSCOPE,INCREDIBLE! KALEIDOSCOPE,BN 26467,TRUE,,,,,,,,
KEITH MOON,TWO SIDES OF THE MOON,MCA-2136,,,,,,,,,
KENDRICK LAMAR,GOOD KID M.A.A.D CITY,B0017695-01,TRUE,,,NM,,VG+,,TRUE,
KENDRICK LAMAR,TO PIMP A BUTTERFLY,B0023464-01,TRUE,,,NM,,VG+,,TRUE,
KENNY G,SILHOUETTE,AL-8457,,,,,,,,,
KENNY LOGGINS,NIGHTWATCH,JC 35387,,,,,,,,,
KENNY LOGGINS,CELEBRATE ME HOME,PC 34655,,,,,,,,,
KENNY LOGGINS & JIM MESSINA,MOTHERLODE,,,,,,,,,,
KENNY ROGERS,EYES THAT SEE IN THE DARK,AFLI-4697,,,,,,,,,
KENNY ROGERS,GIDEON,,,,,,,,,,
KENNY ROGERS & DOTTIE WEST,EVERY TIME TWO FOOLS COLLIDE,UA-LA864-H,,,TRUE,,,,,,
KING BISCUIT BOY & CROWBAR,OFFICIAL MUSIC,,,TUB,,,,,,,
KOOL & THE GANG,FOREVER,422 830 398-1 M-1,,,,,,,,,
KOOL & THE GANG,GREATEST HITS,DEP-2015,,,,,,,,,
KOOL & THE GANG,LADIES NIGHT,DSR-9513,TRUE,,,,,,,,
L.T.D.,LOVE MAGIC,SP-4881,,,,,,,,,
LA CONNECTION,BIG HITS VOLUME 2,SPB-4076,,,,,,,,,
LACY J. DALTON,DREAM BABY,,,TUB,,,,,,,
LANI MCINTIRE,AN HOUR OF HAWAIIAN MELODIES,1255,,,,,,,,,
LED ZEPPELIN,LED ZEPPELIN,SD 19129,TRUE,,,,,,,,
LED ZEPPELIN,LED ZEPPELIN,SD 19129,,,,,,,,,
LED ZEPPELIN,LED ZEPPELIN,SD 7208,,,,,,,,,
LED ZEPPELIN,LED ZEPPELIN,SD 7208,,,,,,,,,
LED ZEPPELIN,II,SD 8236,,,,,,,,,
LED ZEPPELIN,PRESENCE,SS 8416,,,,,,,,,
LED ZEPPELIN,HOUSES OF THE HOLY,,,,,,,,,,
LED ZEPPELIN,LED ZEPPELIN IV,,,,,,,,,,
LED ZEPPELIN,PRESENCE,,,,,,,,,,
LED ZEPPELIN,IN THROUGH THE OUT DOOR,,,shelf,,GENERIC,"Replaced jacket, original sleeve",,,,
LEE HAZLEWOOD & NANCY SINATRA,NANCY & LEE,RS 6273,,,,,,,,,
LEE MICHAELS,RECITAL,SP 4152,TRUE,shelf,FALSE,VG+,"replaced inner sleeve, jacket is in solid shape",,,,
LEE MICHAELS,LEE MICHAELS,,,TUB,,,,,,,
LEE MICHAELS,LEE MICHAELS,,,TUB,,,,,,,
LEFTY FRIZZELL,"SIGNED, SEALED AND DELIVERED",HS 11260,,,,,,,,,
LEGS DIAMOND,FIRE POWER,CR 1010,,,,,,,,,
LENNY WILLIAMS,LOVE CURRENT,MCA 3155,,,,,,,,,
LEO SAYER,SILVERBIRD,BS 2738,,,,,,,,,
LES DUDEK,LES DUDEK,,,TUB,,,,,,,
LESLIE WEST,MOUNTAIN,4500,,,,,,,,,
"LETTERMAN, THE",PUT YOUR HEAD ON MY SHOULDER,,,,,,,,,,
"LETTERMEN, THE",PUT YOUR HAND ON MY SHOULDER,,,TUB,,,,,,,
LINDA RONSTADT,LIVING IN THE USA,6E-155,,,,,,,,,
LINDA RONSTADT,LIVING IN THE USA,6E-155,,,,,,,,,
LITTLE FEAT,THE LAST RECORD ALBUM,,,,,,,,,,
LITTLE RIVER BAND,LITTLE RIVER BAND,ST-11512,TRUE,,,,,,,,
LOGGINS & MESSINA,THE BEST OF FRIENDS,,,,,,,,,,
LORETTA LYNN,LOOKIN' GOOD,MCA-5148,,,,,,,,,
LORETTA LYNN & CONWAY TWITTY,COUNTRY PARTNERS,MCA-427,,,,,,,,,
LORETTA LYNN & CONWAY TWITTY,LEAD ME ON,MCA-9,,shelf,,,,,,,
LORETTA LYNN & CONWAY TWITTY,LEAD ME ON,,,TUB,,,,,,,
LOS ADMIRADORES,BONGOS,RS 809 SD,,,,,,,,,
LOU CHRISTIE,I'M GONNA MAKE YOU MINE,BDS 5052,,,,,,,,,
LOU RAWLS,SOULIN',ST 2566,,,,,,,,,
"LOVIN' SPOONFUL, THE",THE BEST OF THE LOVIN' SPOONFUL,KLP-8056,,,,,,,,,
LYNARD SKYNARD,SECOND HELPING,MCA-413,,,,,,,,,
LYNYRD SKYNYRD,GOLD & PLATINUM,MCA2-11008,,,,,,,,,
MAD RIVER,MAD RIVER,,,TUB,,,,,,,
MADONNA,LIKE A VIRGIN,1-25157,,,,GENERIC,Replaced sleeve and jacket,,,,
"MAMAS & THE PAPAS, THE",THE MAMAS & THE PAPAS,DS 50010,,,,,,,,,
MANTOVANI,PLAYS THE MUSIC OF ROMBERG,LL 1031,,,,,,,,,
MANTOVANI AND HIS ORCHESTRA,MONTY,,,,,,,,,,
MARIA MALDAUR,MARIA MALDAUR,MS 2148,TRUE,,,,,,,,
MARSHALL CRENSHAW,MARSHALL CRENSHAW,BSK 3673,,,,,,,,,
"MARSHALL TUCKER BAND, THE",GREATEST HITS,C 3057,,TUB,,,,,,,
MARTY ROBBINS,GUNFIGHTER BALLADS AND TRAIL SONGS,CS 8158,,,,,,,,,
MARTY ROBBINS,MORE GUNFIGHTER BALLADS AND TRAIL SONGS,CS 8272,,,,,,,,,
MARTY ROBBINS,MARTY ROBBINS GREATEST HITS VOL. III,,,,,,,,,,
MARVIN GAYE,WHAT'S GOIN' ON,TS310,,,,,,,,,
MAYNARD FERGUSON,M.F. HORN AND M.F. HORN TWO,CG 33660,,,,,,,,,
MEL MCDANIEL,LET IT ROLL,ST 512402,,,,,,,,,
MEL TILLIS,SOUTHERN RAIN,,,TUB,,,,,,,
MEL TILLIS,MEL'S FAVORITES,,,TUB,,,,,,,
MEL TILLIS,MEL'S FAVORITES,,,TUB,,,IN OTHER MEL'S FAVORITES JACKET,,,,
MEL TILLIS AND THE STATESIDERS,M-M-MEL LIVE,,,TUB,,,,,,,
MEMPHIS SLIM,ALL KINDS OF BLUES,BV-1053,,,,,,,,,
"MENDICANTS OF STANFORD, THE",1975,,,,,,ORLEANS - LET THERE BE MUSIC,,,TRUE,
MERLE HAGGARD,BIG CITY,FE 37593,,,,,,,,,
MERLE HAGGARD,GOING WHERE THE LONELY GO,FE 38092,,,,,,,,,
MERLE HAGGARD,THE BEST OF MERLE HAGGARD,SKAO 2951,,shelf,,,,,,,
MERLE HAGGARD,AMBER WAVES OF GRAIN,,,,,,,,,,
MERLE HAGGARD (WITH BONNIE OWENS AND THE STRANGERS),THE FIGHTIN' SIDE OF ME,FE 40224,,,,,,,,,
MERLE HAGGARD (WITH BONNIE OWENS AND THE STRANGERS),THE FIGHTIN' SIDE OF ME,SN-16278,,,,,,,,,
MFSB,SUMMERTIME,,,TUB,,,,,,,
MICHAEL SCHENKER GROUP,MSG,,,TUB,,,,,,,
MICHAEL STANLEY BAND,STAGE PASS,PEG 34661,,,,,,,,,
MICKEY GILLEY,THAT'S ALL THAT MATTERS TO ME,JE 36492,,,,,,,,,
MIKE BLOOMFIELD / AL KOOPER / STEVE STILLS,SUPER SESSION,CS 9701,,TUB,FALSE,"SPLITTING ON BOTTOM, RING WEAR, HAS INNER SLEEVE",G+,,,,
MIKE BLOOMFIELD / AL KOOPER / STEVE STILLS,SUPER SESSION,CS 9702,,TUB,FALSE,SPLITTING ON TOP OUTER JACKET,G+,,,,
MIKE OLDFIELD,TUBULAR BELLS,V2001,,,,,,,,,
MITCH MILLER & THE GANG,STILL MORE!,,,,,,,,,,
MITCH MILLER & THE GANG,MEMORIES,,,,,,,,,,
MOBY GRAPE,MOBY GRAPE,CS 9498,,,,,,,,,
MOBY GRAPE,MOBY GRAPE '69,CS 9696,,,TRUE,,,,,,
MOBY GRAPE,GRAPE JAM,MGS 1,,,,,,,,,
MOE BANDY AND JOE STAMPLEY,HEY JOE HEY MOE,FC 37003,,,,,,,,,
"MONKEES, THE",THE MONKEES,COM-101,,shelf,TRUE,N/A,"No jacket, has solid inner sleeve only",,,,
"MONKEES, THE",THE MONKEES,COM-101,TRUE,shelf,,,,,,,
"MONKEES, THE",MORE OF THE MONKEES,COM-102,TRUE,shelf,,,WRITING ON JACKET,,"""WONG"" WRITTEN ON LABEL",,
"MONKEES, THE",MORE OF THE MONKEES,COM-102,,shelf,,,"WRITING ON JACKET, INSIDE SLEEVE NICE",,,,
"MONKEES, THE",THE MONKEES,DARTY12,,shelf,,,,,,,
MONTROSE,PAPER MONEY,BS 2823,,,,,,,,,
MONTROSE,JUMP ON IT,BS 2963,,,,,,,,,
MONTROSE,PAPER MONEY,,TRUE,,TRUE,,no case,,,,
"MOODY BLUES, THE",GO NOW - THE MOODY BLUES #1s,PS 428,,,,,,,,,
"MOTHERS OF INVENTION, THE",UNCLE MEAT,2MS 2024,,,,,,,,,
"MOTHERS OF INVENTION, THE",WE'RE ONLY IN IT FOR THE MONEY,MGS 1250,,,,,,,,,
"MOTHERS OF INVENTION, THE",JUST ANOTHER BAND FROM LA,MS 2075,,,,,,,,,
"MOTHERS OF INVENTION, THE",THE GRAND WAZOO,MS 2093,,,,,,,,,
"MOTHERS OF INVENTION, THE",THE WORST OF THE MOTHERS,SE 4754,,,,,,,,,
"MOTHERS OF INVENTION, THE",WE'RE ONLY IN IT FOR THE MONEY,V6 5045X,,,,,,,,,
"MOTHERS OF INVENTION, THE",ABSOLUTELY FREE,V6-5013,,,,,,,,,
MOTT THE HOOPLE,ALL THE YOUNG DUDES,KC 31750,TRUE,shelf,TRUE,GENERIC,"replaced jacket, original sleeve",VG.,"little dirty but not too noisy, doesn't skip",,
MOUNTAIN,CLIMBING!,4051,,,,,,,,,
MOUNTAIN,TWIN PEAKS,C 32819,,,,,,,,,
MOUNTAIN,THE BEST OF MOUNTAIN,KC 32079,,,,,,,,,
MR. MISTER,WELCOME TO THE REAL WORLD,,,TUB?,,,,,,,
NAT KING COLE,THE BEST OF,SKAO 2944,,,,,,,,,
NAT KING COLE,RAMBLIN' ROSE,ST 1793,,,,,,,,,
NAT KING COLE,THE GREATEST OF (VOLUME II),,,TUB?,,,,,,,
NAZARETH,HAIR OF THE DOG,SP-4511,,,,,,,,,
NEIL YOUNG,HARVEST,MS 2032,,,,,,,,,
NEIL YOUNG / CRAZY HORSE,ZUMA,MS 2242,,,,,,,,,
NEW GRASS REVIVAL,TOO LATE TO TURN BACK NOW,050,,,,,,,,,
NEW GRASS REVIVAL,ON THE BOULEVARD,SH-2745,,,,,,,,,
NEW RIDERS OF THE PURPLE SAGE,NEW RIDERS OF THE PURPLE SAGE,C 30888,,,,,,,,,
NORTON BUFFALO,LOVIN' IN THE VALLEY OF THE MOON,ST-11625,,,,,,,,,
"O'JAYS, THE",FAMILY REUNION,PZ 33807,TRUE,,,,,,,,
"OAK RIDGE BOYS, THE",DELIVER,MCA-5455,,,,,,,,,
OHIO PLAYERS,SKIN TIGHT,,,,,,,,,,
ORLEANS,WAKING & DREAMING,,,,,,,,,,
PAICE ASHTON LORD,MALICE IN WONDERLAND,BS 3038,,TUB,TRUE,,,,,,
PAT BENATAR,GET NERVOUS,,,,,,,,,,
PAT BENATAR,LIVE FROM EARTH,,,,,,,,,,
PAT BENATAR,IN THE HEAT OF THE NIGHT,,,,,,,,,,
PAT TRAVERS BAND,HEAT IN THE STREET,,,,,,,,,,
PATSY CLINE & JIM REEVES,REMEMBERING PATSY CLINE & JIM REEVES,,,,,,,,,,
PAUL DAVIS,SOUTHERN TRACKS & FANTASIES,,,,,,,,,,
PAUL MCCARTNEY,BAND ON THE RUN,,TRUE,,,,,,,,
PAUL MCCARTNEY,MCCARTNEY,,,,,,NO RECORD,,,,
PERCY FAITH AND HIS ORCHESTRA AND CHORUS,TOUCHDOWN!,,,,,,,,,,
PETER FRAMPTON,FRAMPTON COMES ALIVE,,,,,,,,,,
PETER FRAMPTON,FRAMPTON COMES ALIVE,,,,,,,,,,
PETER GREEN,THE END OF THE GAME,,,,,,,,,,
PETER TOWNSHEND,WHO CAME FIRST,,,,,,,,,,
PINK FLOYD,ANIMALS,JC 34474,,,,,,,,,
PINK FLOYD,THE DARK SIDE OF THE MOON,SMAS 11163,,,,,,,,,
PINK FLOYD,UMMAGUMMA,,,,,,,,,,
PINK FLOYD,UMMAGUMMA,,,,,,,,,,
PINK FLOYD,WISH YOU WERE HERE,,,,,,,,,,
PLAYER,SPIES OF LIFE,,,,,,,,,,
POCO,A GOOD FEELIN' TO KNOW,,,,,,,,,,
POCO,LIVE,,,,,,,,,,
POCO,THE VERY BEST OF POCO,,,,,,,,,,
POCO,ROSE OF CIMARRON,,,,,,,,,,
POCO,SEVEN,,,,,,,,,,
POCO,PICK UP THE PIECES,,,,,,,,,,
POINTER SISTERS,SO EXCITED,,,,,,,,,,
POISON,LOOK WHAT THE CAT DRAGGED IN,,,,,,,,,,
"POLICE, THE",REGGATTA DE BLANC,SP-4792,TRUE,,,,,,,,
PORTER WAGONER,I'M DAY DREAMIN' TONIGHT,,,TUB,,,,,,,
PORTER WAGONER,Y'ALL COME,,,,,,,,,,
"PRODUCERS, THE",YOU MAKE THE HEAT,,,,,,,,,,
PUBLIC SERVICE BROADCASTING,EVERY VALLEY,PIASR970LPX,,,,MN,,VG+,,TRUE,
PURE PRARIE LEAGUE,CAN'T HOLD BACK,,,,,,,,,,
Q'S BROTHERS,LIVE AT FLANIGAN'S,,,,,,,,,,
QUEEN,A NIGHT AT THE OPERA,7E-1054,TRUE,shelf,FALSE,VG+,"clean, has inner sleeve",VG,"needs cleaning, mildly warped but doesn't really affect play, a little crackly",,
QUEEN,LIVE KILLERS,,,,,,,,,,
QUICKSILVER MESSENGER SERVICE,QUICKSILVER,,TRUE,,,,,,,TRUE,
QUICKSILVER MESSENGER SERVICE,ANTHOLOGY,,,,,,,,,,
QUICKSILVER MESSENGER SERVICE,ANTHOLOGY,,,,,,,,,,
QUIET RIOT,METAL HEALTH,,,,,,,,,,
QUIET RIOT,METAL HEALTH,,,,,,,,,,
RARE EARTH,ONE WORLD,,,,,,,,,,
RARE EARTH,RARE EARTH IN CONCERT,,,,,,,,,,
RARE EARTH,RARE EARTH IN CONCERT,,,,,,,,,,
"RASCALS, THE",ONCE UPON A DREAM,,,,,,,,,,
"RASCALS, THE",GREATEST HITS,,,,,,,,,,
RAY PRICE,RAY PRICE'S GREATEST HITS VOL. II,,,,,,,,,,
RAY PRICE,WELCOME TO MY WORLD,,,,,,,,,,
RAY PRICE,ALL-TIME GREATEST HITS,,,,,,,,,,
RAY PRICE,RELEASE ME,,,,,,,,,,
RAY PRICE,FOR THE GOOD TIMES,,,,,,,,,,
RAY STEVENS,BOOGITY BOOGITY,,,,,,,,,,
"RED CRAYOLA, THE",THE PARABLE OF ARABLE LAND,,,,,,,,,,
REO SPEEDWAGON,NINE LIVES,,,,,,,,,,
REO SPEEDWAGON,HI INFIDELITY,,,,,,,,,,
RICK DERRINGER,DERRINGER LIVE,,,,,,,,,,
"RIGHTEOUS BROTHERS, THE",SOUL AND INSPRIATION,,,,,,,,,,
RITA COOLIDGE,THE LADY'S NOT FOR SALE,,,,,,,,,,
ROBERT PALMER,SECRETS,,,,,,,,,,
ROBIN TROWER,BRIDGE OF SIGHS,CHR 1057,TRUE,shelf,,VG,"missing inner sleeve, part of jacket cover is ripped off, but jacket is intact",VG+,"some scratches, but pretty clean",,
ROBIN TROWER,IN CITY DREAMS,CHR 1148,TRUE,,,,,,,,
ROD MCKUEN,GREATEST HITS OF ROD MCKUEN,,,,,,,,,,
ROD MCKUEN,GREATEST HITS OF ROD MCKUEN,,,,,,,,,,
ROD STEWART,BLONDES HAVE MORE FUN,,,shelf,,,,,,,
ROD STEWART,EVERY PICTURE TELLS A STORY,,,,,,,,,,
ROD STEWART,BLONDES HAVE MORE FUN,,,,,,,,,,
ROD STEWART,EVERY PICTURE TELLS A STORY,,,,,,,,,,
ROGER WILLIAMS,TEMPTATION,,,,,,,,,,
"ROLLING STONES, THE",DECEMBER'S CHILDREN AND EVERYBODY'S,PS 451,,,,,,,,,
"ROLLING STONES, THE",HOT ROCKS 1964-1971,,,,,,,,,,
RON BERNARD,FRIENDS AND LOVERS,,,,,,,,,,
ROYALE POPULAR ORCHESTRA AND SINGERS,AN HOUR OF TOPS AND POPS,,,,,,,,,,
RUFUS / CHAKA KHAN,ASK RUFUS,,,,,,,,,,
RUSH,MOVING PICTURES,SRM-1-4013,TRUE,,,,SCUFFED EDGES OF JACKET,,LIGHT SCRATCHES,,
RUSH,MOVING PICTURES,SRM-1-4013,,,,,"INNER SLEEVE SPLITTING/OUTER JACKET FADING, SCUFFED ON EDGES",,LIGHT SCRATCHES,,
RUSH,ALL THE WORLD'S A STAGE,,,,,,,,,,
RUSH,2112,,,,,,,,,,
RUSH,ARCHIVES,,,,,,,,,,
SAMMY DAVIS JR,THE MANY FACES OF SAMMY DAVIS JR.,,,TUB,,,,,,,
SAMMY HAGAR,THREE LOCK BOX,,,,,,,,,,
SAMMY HAGAR,NINE ON A TEN SCALE,,,,,,,,,,
SAMMY KAYE AND HIS ORCHESTRA,LET'S FACE THE MUSIC AND DANCE,,,,,,,,,,
SANTANA,MOONFLOWER,CBS 88272,,shelf,,,,,,,
SANTANA,SANTANA,CS 9781,,shelf,,,,,,,
SANTANA,ABRAXAS,KC 30130,TRUE,shelf,,,JACKET SPLITTING,,LIGHT SCRATCHES,,
SANTANA,ABRAXAS,PC 30130,,shelf,,,"JACKET SPLITTING, INNER SLEEVE IS GREAT",,ALMOST MINT,,
SANTANA,ABRAXAS,PC 30130,,shelf,,,has price sticker,,,,
SANTANA,SANTANA,PC 9781,,shelf,,,"INNER SLEEVE IS GREAT, CORNERS OF JACKET ARE SCUFFED",,SOME LIGHT SCRATCHES,,
SANTANA,SANTANA III,,,shelf,,,,,,,
SANTANA,FESTIVAL,,,shelf,,,,,,,
SANTANA,GREATEST HITS,,,shelf,,,,,,,
SAVAGE,THE RESURECTION,,,shelf,,,,,,,
SAVOY BROWN,STREET CORNER TALKING,,,shelf,,,,,,,
SAVOY BROWN,JACK THE TOAD,,,shelf,,,,,,,
SAVOY BROWN,THE BEST OF,,,shelf,,,,,,,
SAVOY BROWN,LOOKING IN,,,shelf,,,,,,,
SAVOY BROWN,RAW SIENNA,,,shelf,,,,,,,
SAVOY BROWN,LOOKING IN,,,,,,,,,,
SCHWOIBFUAB,SCHWOBA-ROCK,,,shelf,,,,,,,
SCHWOIBFUAB,SCHWOBA-ROCK,,,,,,,,,,
SCORPIONS,BLACKOUT,,,shelf,,,,,,,
SCORPIONS,WORLD WIDE LIVE,,,shelf,,,,,,,
SEALS & CROFT,SUMMER BREEZE,,TRUE,shelf,,,,,,,
SEALS & CROFT,GREATEST HITS,,,shelf,,,,,,,
"SEEDS, THE",RAW & ALIVE,,,shelf,,,,,,,
"SEEDS, THE",THE SEEDS,,,shelf,,,,,,,
SHA NA NA,ROCK N' ROLL IS HERE TO STAY,KSBS 2010,,shelf,,,,,,,
SHA NA NA,NIGHT IS STILL YOUNG,KSBS 2050,,shelf,,,,,,,
SIMON & GARFUNKEL,BRIDGE OVER TROUBLED WATER,KCS 9914,TRUE,shelf,FALSE,VG+,"clean, no real ring wear, has inner sleeve",VG+,"no skips, plays well",,
SIMON & GARFUNKEL,BRIDGE OVER TROUBLED WATER,KCS 9914,,shelf,FALSE,VG,"a little worn around edges, has inner sleeve, light ring wear, fading on jacket",VG+,"a little crackly at points, no skipping",,
SIMON & GARFUNKEL,"PARSLEY, SAGE, ROSEMARY & THYME",,TRUE,shelf,,,,,,TRUE,
SIMON & GARFUNKEL,BRIDGE OVER TROUBLED WATER,,,shelf,,,,,,,
SIMON & GARFUNKEL,SOUNDS OF SILENCE,,,shelf,,,,,,,
SKEETER DAVIS,I FORGOT MORE THAN YOU'LL EVER KNOW,,,,,,NO RECORD,,,,
SKEETER DAVIS,I FORGOT MORE THAN YOU'LL EVER KNOW,,,,,,,,,,
SLADE,SLADE ALIVE,,,shelf,,,,,,,
SLY & THE FAMILY STONE,THERE'S A RIOT GOIN' ON,KE 30896,TRUE,shelf,FALSE,VG+,"has inner sleeve, no splitting",VG+,"no skips, no noticable noise",,
SLY & THE FAMILY STONE,STAND!,,TRUE,shelf,FALSE,VG+,"no splitting, has inner sleeve",VG+,"no skips, no noticable noise",,
"SONS OF CHAMPLIN, THE",LOOSEN UP NATURALLY,,,shelf,,,,,,,
SOUNDTRACK,CATS,2GHS 2017,,shelf,,,,,,,
SOUNDTRACK,RODGERS & HAMMERSTEIN'S SOUTH PACIFIC,LOC-1032,,TUB,FALSE,,,,,,
SOUNDTRACK,XANADU,MCA 6100,,shelf,,,,,,,
SOUNDTRACK,YOU ARE WHAT YOU EAT,OS 3240,,TUB,FALSE,"WATER DAMAGE ON OUTER JACKET, DIRTY",P,,,,
SOUNDTRACK,STAR WARS - LONDON SYMPHONY ORCHESTRA,,,,,,,,,,
SOUNDTRACK,HAIR,LSO-1150,,shelf,,,,,,,
SOUNDTRACK,GYPSY,,,,,,,,,,
SOUNDTRACK,GIGI,,,,,,,,,,
SOUNDTRACK,WEST SIDE STORY,,,,,,,,,,
SOUNDTRACK,THEY WENT THAT-A-WAY,,,,,,,,,,
SOUPY SALES,STILL SOUPY AFTER ALL THESE YEARS,MCA 5274,,shelf,,,,,,,
"SOUTHER HILLMAN FURAY BAND, THE",SOUTHER-HILLMAN-FURAY BAND,,,TUB,,,,,,,
"SOUTHER HILLMAN FURAY BAND, THE",TROUBLE IN PARADISE,,,shelf,,,,,,,
SPANKY & OUR GANG,LIKE TO GET TO KNOW YOU,,,shelf,,,,,,,
SPIRIT,THE FAMILY THAT PLAYS TOGETHER,,,shelf,,,,,,,
SPIRIT,SPIRIT,,,shelf,,,,,,,
SPIRIT,FEEDBACK,,,shelf,,,,,,,
SPIRIT,TWELVE DREAMS OF DR. SARDONICUS,,,shelf,,,,,,,
SPIRIT,SPIRIT,,,,,,,,,,
SPIRIT,THE FAMILY THAT PLAYS TOGETHER,,,,,,,,,,
STEELY DAN,AJA,AA 1006,TRUE,shelf,,,,,,,
STEELY DAN,COUNTDOWN TO ECSTASY,ABCX-779,,shelf,,,,,,,
STEELY DAN,GAUCHO,MCA 6102,,shelf,,,,,,,
STEELY DAN,GAUCHO,,,,,,,,,,
STEELY DAN,GAUCHO,,,,,,,,,,
STEPHEN STILLS & MANASSAS,DOWN THE ROAD,SD 7250,,shelf,,,,,,,
STEPPENWOLF,THE SECOND,DS-50037,,shelf,,,,,,,
STEPPENWOLF,MONSTER,DS-50066-A,,shelf,,,,,,,
STEPPENWOLF,STEPPENWOLF GOLD (GREATEST HITS),DSX 50099,,shelf,,,,,,,
STEPPENWOLF,STEPPENWOLF GOLD,DSX 50099,,shelf,,,,,,,
STEPPENWOLF,FOR LADIES ONLY,DSX 50110,,shelf,,,,,,,
STEPPENWOLF,REST IN PEACE,DSX 50124,,shelf,,,,,,,
STEPPENWOLF,16 GREATEST HITS,DSX 50135,,shelf,,,,,,,
STEPPENWOLF,THE SECOND,,,,,,,,,,
STEPPENWOLF,GOLD: THEIR GREAT HITS,,,,,,,,,,
STEVE MILLER BAND,NUMBER 5,SKAO-436,,shelf,,,,,,,
STEVE MILLER BAND,NUMBER 5,SKAO-436,,shelf,,,,,,,
STEVE MILLER BAND,THE JOKER,SMAS 11235,,shelf,,,,,,,
STEVE MILLER BAND,FLY LIKE AN EAGLE,ST-11497,,shelf,,,,,,,
STEVE MILLER BAND,ANTHOLOGY,SVBB-11114,TRUE,shelf,,VG,"inner sleeve has mold, outer jacket is discolored and dirty",,side 1 & 4 no skipping,,
STEVE PERRY,STREET TALK,FC39334,,shelf, ,,,,,,
STEVIE NICKS,STAND BACK,R1 587601,TRUE,shelf,,VG+,got warped mildly on shelf,VG+,mildly warped,TRUE,2019-12-01
STEVIE RAY VAUGHAN AND DOUBLE TROUBLE,COULDN'T STAND THE WEATHER,,,TUB,,,,,,,
STEVIE WINWOOD,WINWOOD,,,,,,,,,,
STEVIE WONDER,SONGS IN THE KEY OF LIFE,T 13-340C2,TRUE,shelf,,,,,,,
STONEGROUND,FAMILY ALBUM,2ZS 1956,TRUE,shelf,,VG+,,VG,"a couple skips, a little noisy at times, maybe warping since the first track on one side skipped several times",,
STONEGROUND,FLAT OUT,,,shelf,,,,,,,
STONEGROUND ,FAMILY ALBUM,2ZS 1956,,shelf,,,,,,,
STRAWBS,GRAVE NEW WORLD,SP 4344,,shelf,,,,,,,
STYX,PARADISE THEATER,SP 3719,,shelf,,,,,,,
STYX,PIECES OF EIGHT,,TRUE,shelf,,,,,,,
STYX,CORNERSTONE,,,shelf,,,,,,,
STYX,EQUINOX,,,shelf,,,,,,,
STYX,CORNERSTONE,,,,,,,,,,
SUGARLOAF,SUGARLOAF,LST-7640,,,,,,,,,
SUPERTRAMP,... FAMOUS LAST WORDS ...,,,shelf,,GENERIC,"replaced jacket, original sleeve",,,,
SUPREMES,BABY LOVE,CSJ 268,,,,,,,,,
"SUPREMES, THE",BABY LOVE,,,,,,,,,,
"SUTHERLAND BROTHERS & QUIVER, THE",LIFEBOAT,,,,,,,,,,
SWEATHOG,SWEATHOG,,,,,,,,,,
T. REX,ELECTRIC WARRIOR,,TRUE,,,,,,,,
T. REX,ELECTRIC WARRIOR,,,,,,,,,,
TANGERINE DREAM,STRATOSFEAR,,,,,,,,,,
TED NUGENT,TED NUGENT,,,TUB,,,,,,,
TED NUGENT,WEEKEND WARRIORS,,,,,,,,,,
TED NUGENT,WEEKEND WARRIORS,,,,,,,,,,
TED NUGENT,TED NUGENT,,,,,,,,,,
TEDDY PENDERGRASS,LIVE! COAST TO COAST,,,,,,,,,,
THE ZODIAC,COSMIC SOUNDS,EKS-74009,,TUB,FALSE,VG+,,,,,
THELMA HOUSTON & PRESSURE COOKER,I'VE GOT THE MUSIC IN ME,,,,,,,,,,
THEM,THEM AGAIN,,,TUB,,,,,,,
THIN LIZZY,BLACK ROSE: A ROCK LEGEND,,TRUE,,,,,,,,
THIN LIZZY,CHINATOWN,,TRUE,,,,,,Needs cleaning,,
THREE DOG NIGHT,ONE,,TRUE,shelf,FALSE,VG+,,VG,"a little bit of background noise, needs cleaning",,
THREE DOG NIGHT,THREE DOG NIGHT,,,,,,,,,,
THREE DOG NIGHT,GOLDEN BISQUITS,,,,,,,,,,
THREE DOG NIGHT,IT AIN'T EASY,,,,,,,,,,
THUMBS TUBBY,OLD TIME PIANO PLAYING,,,,,,,,,,
TIMOTHY LEARY,YOU CAN BE ANYONE THIS TIME AROUND,,,,,,,,,,
TOM FOGERTY,ZEPHYR NATIONAL,,,,,,,,,,
TOM JOHNSTON,EVERYTHING YOU'VE HEARD IS TRUE,,,,,,,,,,
TOM JONES,LOVE IS ON THE RADIO,,,,,,,,,,
TOM JONES,HIT PARADE ITALIAN RELEASE,,,,,,,,,,
TOM JONES,LOVE IS ON THE RADIO,,,,,,,,,,
TOMMY JAMES & THE SHONDELLS,THE BEST OF TOMMY JAMES & THE SHONDELLS,,,,,,,,,,
TONY BENNETT,I LEFT MY HEART IN SAN FRANCISCO,,,,,,,,,,
TOTO,IV,,TRUE,,,,,,,,
TOTO,TOTO,,TRUE,,,,,,,,
TOWER OF POWER,BACK TO OAKLAND,BS 2749,TRUE,,,,,,Side 1 - Minor skipping on some tracks,,
TOWER OF POWER,BACK TO OAKLAND,,,,,,,,,,
TOWER OF POWER,BUMP CITY,,,,,,,,,,
TOWER OF POWER,TOWER OF POWER,,,,,,,,,,
TOWER OF POWER,URBAN RENEWAL,,,,,,,,,,
TOWER OF POWER,BUMP CITY,,,,,,,,,,
TOWER OF POWER,TOWER OF POWER,,,,,,,,,,
TOWER OF POWER,WE CAME TO PLAY,,,,,,,,,,
TRAFFIC,JOHN BARLEYCORN MUST DIE,,TRUE,,,,,,,,
TRINI LOPEZ,THE FOLK ALBUM,R-6147,,TUB,FALSE,VG,,,,,
TRINI LOPEZ,AT PJ'S,,,,,,,,,,
"TUBES, THE",THE TUBES,,,,,,,,,,
U2,THE JOSHUA TREE,,,,,,,,,,
U2,THE UNFORGETTABLE FIRE,,,,,,,,,,
URIAH HEEP,URIAH HEEP LIVE,,,,,,,,,,
VAN CLIBURN,MY FAVORITE CHOPIN,,,,,,,,,,
VAN MORRISON,MOONDANCE,WS 1835,TRUE,,,VG+,,VG,,,
VAN MORRISON,TUPELO HONEY,WS 1950,TRUE,,,,,,,,
VANILLA FUDGE,ROCK & ROLL,,,,,,,,,,
VANILLA FUDGE,THE BEST OF VANILLA FUDGE,,,,,,,,,,
VANILLA FUDGE,ROCK & ROLL,,,,,,,,,,
VANILLA FUDGE,VANILLA FUDGE,,,,,,,,,,
VANILLA FUDGE,THE BEST OF VANILLA FUDGE,,,,,,,,,,
VARIOUS ARTISTS,GOSPEL COUNTRY,BU4420,,TUB,FALSE,,VG+,,,,
VARIOUS ARTISTS,THE TEEN SOUND!,CSS 523,,TUB,,"NO JACKET, BUT I PROBABLY WON'T KEEP IT",,,,,
VARIOUS ARTISTS,THE SECRET POLICEMAN'S OTHER BALL,ILPS 9698,,TUB,FALSE,WATER DAMAGE ON BOTTOM,G+,,,,
VARIOUS ARTISTS,CRUISIN' 1962,INCM 2007,,,,,,,,,
VARIOUS ARTISTS,CRUISIN' 1962,INCM-1962,,,,,,,,,
VARIOUS ARTISTS,SUPER BUBBLE,OP-3504,,TUB,FALSE,"TOP IS SPLIT, ALL 3 INNER JACKETS ARE THERE",VG,,,,
VARIOUS ARTISTS,MONSTERS,PRO-A-796,,TUB,FALSE,,,,,,
VARIOUS ARTISTS,TIME TO GET IT TOGETHER,SL-6696,,TUB,TRUE,,,,,,
VARIOUS ARTISTS,ORIGINAL OLD GOLD,,,TUB,TRUE,,,,,FALSE,
VARIOUS ARTISTS,VALLEY GROWN,,,TUB,,,,,,,
VARIOUS ARTISTS,BOSS GOLDENS,,,,,,,,,,
VARIOUS ARTISTS,LIGHTS OUT: SAN FRANCISCO,,,,,,,,,,
VARIOUS ARTISTS,FLASHBACKS IN STEREO,,,,,,,,,,
VARIOUS ARTISTS,CRUISIN' 1963,,,,,,,,,,
VARIOUS ARTISTS,THE ORIGINAL COUNTRY HITS,,,,,,,,,,
VARIOUS ARTISTS,3RD ANNIVERSARY ALBUM,,,,,,,,,,
VARIOUS ARTISTS,SUPER STARS SUPER HITS,,,,,,,,,,
VARIOUS ARTISTS,THE SENSATIONAL 60S,,,,,,,,,,
VARIOUS ARTISTS,FREEDOM,,,,,,,,,,
VARIOUS ARTISTS,ROLLING COUNTRY,,,,,,,,,,
VARIOUS ARTISTS,TOGETHER,,,,,,,,,,
VARIOUS ARTISTS,CRUISIN' 1959,,,,,,,,,,
VARIOUS ARTISTS,BOYS! BOYS! BOYS! A VOCAL SPECTACULAR,,,,,,,,,,
VARIOUS ARTISTS,TODAY'S SUPER GREATS,,,,,,,,,,
VARIOUS ARTISTS,CAVALCADE OF STARS,,,,,,,,,,
VARIOUS ARTISTS,CRUISIN' 1962,,,,,,,,,,
VARIOUS ARTISTS,MUSIC EXPRESS,,,,,,,,,,
VARIOUS ARTISTS,SGT. PEPPER'S LONELY HEARTS CLUB BAND,,,,,,,,,,
VARIOUS ARTISTS,SURFIN' SIXTIES,,,,,,,,,,
VARIOUS ARTISTS,HARMONY,,,,,,,,,,
"VENTURES, THE",THE VENTURES PLAY TELSTAR AND THE LONELY BULL,,,,,,,,,,
"VENTURES, THE",GOLDEN GREATS,,,,,,,,,,
VERN GOSDIN,TILL THE END,,,TUB,,,,,,,
"VOGUES, THE",GREATEST HITS,,,,,,,,,,
WALTER EGAN,NOT SHY,,,,,,,,,,
WAR,GREATEST HITS,UA-LA648-G,TRUE,shelf,FALSE,VG+,"very clean, not worn, has original inner sleeve",,side two skipped a few times,,
WAR,ALL DAY MUSIC,,,,,,,,,,
WARREN ZEVON,EXCITABLE BOY,6E-118,TRUE,SHELF,FALSE,VG+,"OUTER AND INNER JACKETS ARE GREAT, NO RING WEAR!",VG+,"plays well, not noisy",,
WAYLON JENNINGS,WAYLON LIVE,,,,,,,,,,
WAYLON JENNINGS,WAYLON AND COMPANY,,,,,,,,,,
WAYLON JENNINGS,WAYLON AND COMPANY,,,,,,,,,,
WAYNE NEWTON,RED ROSES FOR A BLUE LADY,,,,,,,,,,
WEATHER REPORT,I SING THE BODY ELECTRIC,,,,,,,,,,
WEATHER REPORT,TALE SPINNIN',,,,,,,,,,
WEATHER REPORT,I SING THE BODY ELECTRIC,,,,,,,,,,
WEBLEY EDWARDS,ROMANTIC INSTRUMENTALS OF THE ISLANDS,,,,,,,,,,
"WEST, BRUCE & LAING",WHY DONTCHA,,,,,,,,,,
WET WILLIE,GREATEST HITS,,,,,,,,,,
WET WILLIE,MANORISMS,,,,,,,,,,
WET WILLIE,WHICH ONE'S WILLIE?,,,,,,,,,,
"WHISPERS, THE",JUST GETS BETTER WITH TIME,,,,,,,,,,
"WHITE SISTERS, THE",COUNT YOUR BLESSINGS,,,,,,,,,,
"WHO, THE",TOMMY,,TRUE,,,VG,,VG+,,TRUE,4/23
"WHO, THE",LIVE AT LEEDS,,,,,,,,,,
"WHO, THE",LIVE AT LEEDS,,,,,,,,,,
"WHO, THE",WHO'S NEXT,,,,,,,,,,
"WILBURN BROTHERS, THE",TWO FOR THE SHOW,,,,,,,,,,
WILLIE NELSON,COUNTRY WINNERS,,,,,,,,,,
WILLIE NELSON,TO LEFTY FROM WILLIE,,,,,,,,,,
WILLIE NELSON,STARDUST,,,,,,,,,,
WINGS,VENUS AND MARS,,,,,,,,,,
WISHBONE ASH,LIVE DATES,,,,,,,,,,
WISHBONE ASH,ARGUS,,,,,,,,,,
WYNN STEWART,WYNN STEWART,,,,,,,,,,
YES,FRAGILE,,,,,,,,,,
YES,FRAGILE,,,,,,,,,,
YES,CLOSE TO THE EDGE,,,,,,,,,,
YES,90125,,,,,,,,,,
"YOUNG RASCALS, THE",THE YOUNG RASCALS,,,,,,,,,,
"YOUNG RASCALS, THE",COLLECTIONS,,,,,,,,,,
"YOUNGBLOODS, THE",ELEPHANT MOUNTAIN,,,,,,,,,,
ZZ TOP,ELIMINATOR,,,,,,,,,,
ZZ TOP,ELIMINATOR,,,,,,,,,,
ZZ TOP,TRES HOMBRES,,,,,,,,,,
ZZ TOP,ELIMINATOR,,,,,,,,,,
ZZ TOP,TRES HOMBRES,,,,,,,,,,
ZZ TOP,AFTERBURNER,,,,,,,,,,
ZZ TOP,FANDANGO,,,,,,,,,,